﻿<?xml version="1.0" encoding="utf-8"?>
<publishData>
  <publishProfile publishUrl="C:\inetpub\wwwroot\Green_World_Global" deleteExistingFiles="False" ftpAnonymousLogin="False" ftpPassiveMode="True" msdeploySite="" msdeploySiteID="" msdeployRemoteSitePhysicalPath="" msdeployAllowUntrustedCertificate="False" msdeploySkipExtraFilesOnServer="True" msdeployMarkAsApp="False" profileName="Profile1" publishMethod="FileSystem" replaceMatchingFiles="True" userName="" savePWD="False" userPWD="" SelectedForPublish="True">
    <file relUrl="packages/jQuery.UI.Combined.1.8.20.1/Content/Content/themes/base/jquery.ui.tabs.css" publishTime="11/18/2015 16:47:51" />
    <file relUrl="bin/DotNetOpenAuth.OAuth.Consumer.dll" publishTime="02/25/2016 18:09:13" />
    <file relUrl="Content/fonts/Fonts/toadOcfmlt9b38dHJxOBGMw1o1eFRj7wYC6JbISqOjY.ttf" publishTime="06/14/2016 16:27:38" />
    <file relUrl="favicon.ico" publishTime="11/17/2015 20:21:07" />
    <file relUrl="packages/jQuery.UI.Combined.1.8.20.1/Content/Content/themes/base/minified/images/ui-bg_glass_75_dadada_1x400.png" publishTime="11/18/2015 16:47:51" />
    <file relUrl="Content/js/demo/mailbox-demo.js" publishTime="12/24/2015 21:58:04" />
    <file relUrl="Content/js/ui/1.10.3/themes/smoothness/jquery-ui.css" publishTime="12/24/2015 21:58:05" />
    <file relUrl="Content/js/plugins/fullcalendar/jquery-ui.custom.min.js" publishTime="12/24/2015 21:58:04" />
    <file relUrl="Views/Inventory/InventoryView.cshtml" publishTime="04/03/2018 13:06:57" />
    <file relUrl="Views/Account/_ChangePasswordPartial.cshtml" publishTime="02/24/2018 11:33:04" />
    <file relUrl="Content/img/user-profile-3.jpg" publishTime="12/24/2015 21:58:04" />
    <file relUrl="Content/img/scrollup.png" publishTime="08/29/2016 12:27:27" />
    <file relUrl="Views/Registration/RegistrationDetailsView.cshtml" publishTime="04/06/2018 12:12:35" />
    <file relUrl="Content/img/loading.gif" publishTime="06/04/2016 10:26:31" />
    <file relUrl="Content/js/ui/1.10.3/themes/smoothness/images/ui-icons_2e83ff_256x240.png" publishTime="12/24/2015 21:58:05" />
    <file relUrl="packages/Newtonsoft.Json.4.5.6/lib/net35/Newtonsoft.Json.dll" publishTime="11/18/2015 16:58:47" />
    <file relUrl="Views/Student/Studentpayment.cshtml" publishTime="03/29/2018 12:11:07" />
    <file relUrl="packages/Microsoft.AspNet.Razor.2.0.20710.0/lib/net40/System.Web.Razor.xml" publishTime="11/18/2015 16:58:08" />
    <file relUrl="packages/DotNetOpenAuth.Core.4.0.3.12153/lib/net40-full/DotNetOpenAuth.Core.dll" publishTime="11/18/2015 16:47:35" />
    <file relUrl="Content/js/plugins/popupoverlay/defaults.js" publishTime="12/24/2015 21:58:05" />
    <file relUrl="Content/js/bootstrap-multiselect.js" publishTime="02/08/2016 10:18:24" />
    <file relUrl="bin/Green_World_Global.pdb" publishTime="04/06/2018 12:12:50" />
    <file relUrl="Content/js/demo/dashboard-demo.js" publishTime="12/24/2015 21:58:04" />
    <file relUrl="Content/fonts/Fonts/ODelI1aHBYDBqgeIAH2zlNzbP97U9sKh0jjxbPbfOKg.ttf" publishTime="06/14/2016 16:28:22" />
    <file relUrl="Content/img/datatables/sort_desc_disabled.png" publishTime="12/24/2015 21:58:04" />
    <file relUrl="Content/img/datatables/sort_asc.png" publishTime="12/24/2015 21:58:04" />
    <file relUrl="Content/js/plugins/morris/morris.js" publishTime="12/24/2015 21:58:05" />
    <file relUrl="Views/syllabus/SyllabusView.cshtml" publishTime="02/24/2018 11:33:09" />
    <file relUrl="packages/jQuery.UI.Combined.1.8.20.1/Content/Content/themes/base/jquery.ui.dialog.css" publishTime="11/18/2015 16:47:51" />
    <file relUrl="Content/fonts/Fonts/MTP_ySUJH_bn48VBG8sNSonF5uFdDttMLvmWuJdhhgs.ttf" publishTime="06/14/2016 16:24:45" />
    <file relUrl="Views/Account/ExternalLoginFailure.cshtml" publishTime="11/17/2015 20:21:07" />
    <file relUrl="packages/DotNetOpenAuth.OpenId.Core.4.0.3.12153/lib/net40-full/Mono.Math.xml" publishTime="07/04/2016 22:18:49" />
    <file relUrl="Content/js/plugins/validate/jquery.validate.min.js" publishTime="12/24/2015 21:58:05" />
    <file relUrl="bin/System.Web.Helpers.dll" publishTime="02/25/2016 18:09:13" />
    <file relUrl="packages/jQuery.UI.Combined.1.8.20.1/Content/Content/themes/base/minified/jquery.ui.core.min.css" publishTime="11/18/2015 16:47:51" />
    <file relUrl="packages/EntityFramework.5.0.0/lib/net40/EntityFramework.dll" publishTime="11/18/2015 16:47:47" />
    <file relUrl="packages/jQuery.UI.Combined.1.8.20.1/Content/Content/themes/base/jquery-ui.css" publishTime="11/18/2015 16:47:51" />
    <file relUrl="Content/js/plugins/bootstrap/bootstrap.min.js" publishTime="06/02/2016 17:26:15" />
    <file relUrl="Content/css/plugins/jvectormap/jquery-jvectormap-1.2.2.css" publishTime="12/24/2015 21:58:04" />
    <file relUrl="Content/css/jquery-ui.css" publishTime="03/14/2016 16:13:12" />
    <file relUrl="Views/Attendane/GenerateAttendance.cshtml" publishTime="02/24/2018 11:33:05" />
    <file relUrl="packages/jQuery.UI.Combined.1.8.20.1/Content/Scripts/jquery-ui-1.8.20.min.js" publishTime="11/18/2015 16:47:51" />
    <file relUrl="Content/js/plugins/daterangepicker/moment.js" publishTime="12/24/2015 21:58:04" />
    <file relUrl="packages/Microsoft.AspNet.WebPages.2.0.20710.0/lib/net40/System.Web.WebPages.dll" publishTime="11/18/2015 16:58:23" />
    <file relUrl="packages/jQuery.UI.Combined.1.8.20.1/Content/Content/themes/base/images/ui-icons_2e83ff_256x240.png" publishTime="11/18/2015 16:47:51" />
    <file relUrl="Content/css/images/ui-bg_highlight-soft_100_eeeeee_1x100.png" publishTime="06/14/2016 17:29:04" />
    <file relUrl="Content/css/plugins/summernote/summernote-bs3.css" publishTime="12/24/2015 21:58:04" />
    <file relUrl="Content/themes/base/minified/images/ui-icons_cd0a0a_256x240.png" publishTime="07/02/2016 16:31:26" />
    <file relUrl="packages/DotNetOpenAuth.OpenId.RelyingParty.4.0.3.12153/lib/net35-full/DotNetOpenAuth.OpenId.RelyingParty.xml" publishTime="07/04/2016 22:22:46" />
    <file relUrl="Content/js/jquery.diagonalFade.min.js" publishTime="06/14/2016 17:27:11" />
    <file relUrl="Content/js/demo/validation-demo.js" publishTime="12/24/2015 21:58:04" />
    <file relUrl="Content/img/datatables/Thumbs.db" publishTime="03/15/2016 22:29:23" />
    <file relUrl="Content/js/plugins/flot/flot-demo-data.js" publishTime="12/24/2015 21:58:04" />
    <file relUrl="Content/js/ui/1.10.3/themes/smoothness/images/ui-bg_flat_75_ffffff_40x100.png" publishTime="12/24/2015 21:58:05" />
    <file relUrl="Content/img/Service007.png" publishTime="05/27/2016 11:50:40" />
    <file relUrl="Content/themes/base/jquery.ui.tabs.css" publishTime="07/02/2016 16:31:26" />
    <file relUrl="packages/Newtonsoft.Json.4.5.6/lib/net40/Newtonsoft.Json.xml" publishTime="07/04/2016 22:22:47" />
    <file relUrl="packages/DotNetOpenAuth.OpenId.Core.4.0.3.12153/lib/net40-full/Org.Mentalis.Security.Cryptography.xml" publishTime="07/04/2016 22:14:05" />
    <file relUrl="bin/Org.Mentalis.Security.Cryptography.dll" publishTime="11/18/2015 16:47:43" />
    <file relUrl="Content/js/plugins/easypiechart/jquery.easypiechart.min.js" publishTime="12/24/2015 21:58:04" />
    <file relUrl="Content/js/ui/1.10.3/themes/smoothness/images/ui-bg_glass_75_e6e6e6_1x400.png" publishTime="12/24/2015 21:58:05" />
    <file relUrl="Content/themes/base/minified/images/ui-bg_flat_0_aaaaaa_40x100.png" publishTime="07/02/2016 16:31:26" />
    <file relUrl="bin/NPOI.OOXML.xml" publishTime="02/25/2016 18:09:13" />
    <file relUrl="packages/jQuery.UI.Combined.1.8.20.1/Content/Content/themes/base/jquery.ui.base.css" publishTime="11/18/2015 16:47:51" />
    <file relUrl="Content/js/plugins/sparkline/jquery.sparkline.min.js" publishTime="12/24/2015 21:58:05" />
    <file relUrl="bin/NPOI.OpenXml4Net.dll" publishTime="02/25/2016 18:09:13" />
    <file relUrl="Views/Master/CountryView.cshtml" publishTime="02/24/2018 11:33:07" />
    <file relUrl="Content/themes/base/minified/jquery.ui.progressbar.min.css" publishTime="07/02/2016 16:31:26" />
    <file relUrl="packages/jQuery.UI.Combined.1.8.20.1/Content/Content/themes/base/minified/jquery.ui.button.min.css" publishTime="11/18/2015 16:47:51" />
    <file relUrl="packages/DotNetOpenAuth.OpenId.RelyingParty.4.0.3.12153/lib/net40-full/DotNetOpenAuth.OpenId.RelyingParty.xml" publishTime="07/04/2016 22:22:46" />
    <file relUrl="Content/fonts/Fonts/EInbV5DfGHOiMmvb1Xr-htqQynqKV_9Plp7mupa0S4g.ttf" publishTime="06/14/2016 16:16:41" />
    <file relUrl="Content/css/plugins/bootstrap-multiselect/bootstrap-multiselect.css" publishTime="12/24/2015 21:58:04" />
    <file relUrl="packages/jQuery.UI.Combined.1.8.20.1/Content/Content/themes/base/minified/jquery.ui.selectable.min.css" publishTime="11/18/2015 16:47:51" />
    <file relUrl="packages/Newtonsoft.Json.4.5.6/lib/sl4/Newtonsoft.Json.dll" publishTime="11/18/2015 16:58:48" />
    <file relUrl="bin/System.Web.Http.dll" publishTime="02/25/2016 18:09:13" />
    <file relUrl="packages/Microsoft.Net.Http.2.0.20710.0/lib/net40/System.Net.Http.dll" publishTime="11/18/2015 16:58:38" />
    <file relUrl="packages/WebGrease.1.1.0/lib/Antlr3.Runtime.dll" publishTime="11/18/2015 17:03:53" />
    <file relUrl="Views/StudentTracking/studentTrackingDetails.cshtml" publishTime="02/24/2018 11:47:06" />
    <file relUrl="Content/css/plugins/bootstrap-social/bootstrap-social.css" publishTime="12/24/2015 21:58:04" />
    <file relUrl="Content/themes/base/minified/images/ui-bg_glass_95_fef1ec_1x400.png" publishTime="07/02/2016 16:31:26" />
    <file relUrl="bin/CSharpJExcel.dll" publishTime="02/25/2016 18:09:13" />
    <file relUrl="packages/Microsoft.AspNet.Mvc.4.0.20710.0/lib/net40/System.Web.Mvc.dll" publishTime="11/18/2015 16:47:56" />
    <file relUrl="Content/css/plugins/dropzone/images/spritemap@2x.png" publishTime="12/24/2015 21:58:04" />
    <file relUrl="Content/js/demo/wysiwyg-demo.js" publishTime="12/24/2015 21:58:04" />
    <file relUrl="Content/themes/base/jquery.ui.accordion.css" publishTime="07/02/2016 16:31:26" />
    <file relUrl="packages/jQuery.Validation.1.9.0.1/Content/Scripts/jquery.validate-vsdoc.js" publishTime="11/18/2015 16:47:53" />
    <file relUrl="Content/fonts/fonts.googleapis.com/cssf58a.css" publishTime="06/14/2016 16:50:34" />
    <file relUrl="Content/css/plugins/dropzone/images/spritemap.png" publishTime="12/24/2015 21:58:04" />
    <file relUrl="Content/js/toastr.js" publishTime="12/24/2015 21:58:04" />
    <file relUrl="Content/js/jquery.min.js" publishTime="06/14/2016 17:03:47" />
    <file relUrl="Content/img/Access.jpg" publishTime="02/17/2016 19:52:19" />
    <file relUrl="bin/EntityFramework.SqlServer.dll" publishTime="07/02/2016 16:25:42" />
    <file relUrl="Content/themes/base/minified/images/ui-icons_888888_256x240.png" publishTime="07/02/2016 16:31:26" />
    <file relUrl="Content/css/plugins/fonts/glyphicons-halflings-regular.eot" publishTime="12/24/2015 21:58:04" />
    <file relUrl="Content/css/plugins/bootstrap/css/bootstrap.min.css" publishTime="03/26/2016 14:41:28" />
    <file relUrl="Views/Master/OfferTypeView.cshtml" publishTime="02/24/2018 11:33:08" />
    <file relUrl="Content/themes/base/jquery-ui.css" publishTime="07/02/2016 16:31:26" />
    <file relUrl="Content/css/plugins/dropzone/css/dropzone.css" publishTime="12/24/2015 21:58:04" />
    <file relUrl="packages/EntityFramework.5.0.0/lib/net45/EntityFramework.xml" publishTime="07/04/2016 22:24:10" />
    <file relUrl="packages/DotNetOpenAuth.AspNet.4.0.3.12153/lib/net40-full/DotNetOpenAuth.AspNet.dll" publishTime="11/18/2015 16:47:34" />
    <file relUrl="bin/System.Net.Http.dll" publishTime="02/25/2016 18:09:13" />
    <file relUrl="Views/Master/StateView.cshtml" publishTime="02/24/2018 11:33:08" />
    <file relUrl="Views/TrainingOperations/NEBOSHIDipView.cshtml" publishTime="02/24/2018 11:33:11" />
    <file relUrl="packages/Microsoft.AspNet.WebPages.Data.2.0.20710.0/lib/net40/WebMatrix.Data.xml" publishTime="11/18/2015 16:58:26" />
    <file relUrl="Views/Reports/GetReport.cshtml" publishTime="04/05/2018 15:50:21" />
    <file relUrl="bin/System.Net.Http.WebRequest.dll" publishTime="02/25/2016 18:09:13" />
    <file relUrl="Content/themes/base/jquery.ui.dialog.css" publishTime="07/02/2016 16:31:26" />
    <file relUrl="Views/CourseDetails/CourseTypeView.cshtml" publishTime="02/24/2018 11:33:05" />
    <file relUrl="packages/jQuery.1.7.1.1/Content/Scripts/jquery-1.7.1-vsdoc.js" publishTime="11/18/2015 16:47:49" />
    <file relUrl="Content/fonts/Fonts/PRmiXeptR36kaC0GEAetxrfB31yxOzP-czbf6AAKCVo.ttf" publishTime="06/14/2016 16:33:51" />
    <file relUrl="Content/img/icons/Nebosh.jpg" publishTime="03/24/2016 16:12:52" />
    <file relUrl="packages/jQuery.UI.Combined.1.8.20.1/Content/Content/themes/base/images/ui-bg_glass_75_dadada_1x400.png" publishTime="11/18/2015 16:47:51" />
    <file relUrl="Content/css/plugins/pace/pace.css" publishTime="12/24/2015 21:58:04" />
    <file relUrl="packages/DotNetOpenAuth.OpenId.Core.4.0.3.12153/lib/net40-full/DotNetOpenAuth.OpenId.dll" publishTime="11/18/2015 16:47:43" />
    <file relUrl="Views/Shared/Error.cshtml" publishTime="04/04/2016 10:34:02" />
    <file relUrl="Content/img/accesscontrol.jpg" publishTime="02/18/2016 19:50:01" />
    <file relUrl="Views/Logininfo/LostPassword.cshtml" publishTime="02/24/2018 11:33:06" />
    <file relUrl="Views/Master/DBQueryExecuteView.cshtml" publishTime="02/24/2018 11:33:07" />
    <file relUrl="packages/jQuery.UI.Combined.1.8.20.1/Content/Content/themes/base/images/ui-icons_222222_256x240.png" publishTime="11/18/2015 16:47:51" />
    <file relUrl="packages/Newtonsoft.Json.4.5.6/lib/winrt45/Newtonsoft.Json.xml" publishTime="07/04/2016 22:22:47" />
    <file relUrl="packages/Microsoft.AspNet.WebPages.2.0.20710.0/lib/net40/System.Web.WebPages.Razor.xml" publishTime="07/04/2016 18:40:55" />
    <file relUrl="packages/jQuery.UI.Combined.1.8.20.1/Content/Content/themes/base/images/ui-icons_454545_256x240.png" publishTime="11/18/2015 16:47:51" />
    <file relUrl="Content/fonts/fonts.googleapis.com/css5c0a.css" publishTime="06/14/2016 16:27:04" />
    <file relUrl="Content/themes/base/minified/images/ui-bg_glass_75_dadada_1x400.png" publishTime="07/02/2016 16:31:26" />
    <file relUrl="Views/UserManagement/UserTypeView.cshtml" publishTime="02/24/2018 11:33:12" />
    <file relUrl="packages/Newtonsoft.Json.4.5.6/lib/sl4-windowsphone71/Newtonsoft.Json.xml" publishTime="07/04/2016 22:22:47" />
    <file relUrl="packages/jQuery.UI.Combined.1.8.20.1/Content/Content/themes/base/jquery.ui.accordion.css" publishTime="11/18/2015 16:47:51" />
    <file relUrl="Views/Account/Register.cshtml" publishTime="02/24/2018 11:33:04" />
    <file relUrl="packages/jQuery.UI.Combined.1.8.20.1/Content/Content/themes/base/minified/images/ui-bg_glass_95_fef1ec_1x400.png" publishTime="11/18/2015 16:47:51" />
    <file relUrl="Content/icons/font-awesome/fonts/fontawesome-webfontba72.svg" publishTime="12/24/2015 21:58:04" />
    <file relUrl="Views/CourseDetails/Course.cshtml" publishTime="03/27/2018 15:55:40" />
    <file relUrl="bin/Org.Mentalis.Security.Cryptography.xml" publishTime="07/04/2016 22:14:05" />
    <file relUrl="packages/jQuery.UI.Combined.1.8.20.1/Content/Content/themes/base/images/ui-bg_glass_55_fbf9ee_1x400.png" publishTime="11/18/2015 16:47:51" />
    <file relUrl="Content/js/ui/1.10.3/themes/smoothness/images/ui-icons_222222_256x240.png" publishTime="12/24/2015 21:58:05" />
    <file relUrl="Content/themes/base/minified/jquery.ui.slider.min.css" publishTime="07/02/2016 16:31:26" />
    <file relUrl="Scripts/jquery.validate.unobtrusive.min.js" publishTime="07/02/2016 16:31:29" />
    <file relUrl="Content/img/widget-bg-midnight.jpg" publishTime="12/24/2015 21:58:04" />
    <file relUrl="Content/fonts/Fonts/anMUvcNT0H1YN4FII8wpr93Z6MveExszb-iKWJY7ddA.ttf" publishTime="06/14/2016 16:49:49" />
    <file relUrl="Views/Master/GlobalSettingsDropDownView.cshtml" publishTime="02/24/2018 11:33:07" />
    <file relUrl="Content/js/plugins/dropzone/dropzone.js" publishTime="12/24/2015 21:58:04" />
    <file relUrl="Content/themes/base/minified/images/ui-bg_glass_75_e6e6e6_1x400.png" publishTime="07/02/2016 16:31:26" />
    <file relUrl="Views/Master/courseModeView.cshtml" publishTime="02/24/2018 11:33:07" />
    <file relUrl="Content/js/demo/map-demo-data.js" publishTime="12/24/2015 21:58:04" />
    <file relUrl="packages/Microsoft.AspNet.WebPages.2.0.20710.0/lib/net40/System.Web.WebPages.Razor.dll" publishTime="11/18/2015 16:58:23" />
    <file relUrl="packages/jQuery.UI.Combined.1.8.20.1/Content/Content/themes/base/images/ui-icons_888888_256x240.png" publishTime="11/18/2015 16:47:51" />
    <file relUrl="Content/css/plugins.css" publishTime="03/05/2016 18:36:24" />
    <file relUrl="Scripts/jquery.unobtrusive-ajax.min.js" publishTime="07/02/2016 16:31:29" />
    <file relUrl="Content/js/ui/1.10.3/themes/smoothness/images/ui-bg_glass_55_fbf9ee_1x400.png" publishTime="12/24/2015 21:58:05" />
    <file relUrl="Content/css/plugins/ladda/ladda-themeless.min.css" publishTime="12/24/2015 21:58:04" />
    <file relUrl="Content/css/plugins/bootstrap-tokenfield/tokenfield-typeahead.css" publishTime="12/24/2015 21:58:04" />
    <file relUrl="Content/js/plugins/bootstrap-toggle/bootstrap-toggle.min.js" publishTime="12/24/2015 21:58:04" />
    <file relUrl="Content/fonts/Fonts/DXI1ORHCpsQm3Vp6mXoaTYnF5uFdDttMLvmWuJdhhgs.ttf" publishTime="06/14/2016 16:23:24" />
    <file relUrl="Content/img/widget-bg-afternoon.jpg" publishTime="12/24/2015 21:58:04" />
    <file relUrl="bin/Green_World_Global.dll" publishTime="04/06/2018 12:12:50" />
    <file relUrl="packages/jQuery.UI.Combined.1.8.20.1/Content/Scripts/jquery-ui-1.8.20.js" publishTime="11/18/2015 16:47:51" />
    <file relUrl="Content/themes/base/minified/jquery.ui.tabs.min.css" publishTime="07/02/2016 16:31:25" />
    <file relUrl="Content/img/checkmark.png" publishTime="12/24/2015 21:58:04" />
    <file relUrl="Content/themes/base/images/ui-bg_glass_75_dadada_1x400.png" publishTime="07/02/2016 16:31:26" />
    <file relUrl="Content/js/plugins/ladda/spin.min.js" publishTime="12/24/2015 21:58:05" />
    <file relUrl="Content/themes/base/images/ui-bg_highlight-soft_75_cccccc_1x100.png" publishTime="07/02/2016 16:31:26" />
    <file relUrl="Content/css/demo.css" publishTime="12/24/2015 21:58:03" />
    <file relUrl="packages/jQuery.UI.Combined.1.8.20.1/Content/Content/themes/base/minified/jquery-ui.min.css" publishTime="11/18/2015 16:47:51" />
    <file relUrl="packages/Newtonsoft.Json.4.5.6/lib/sl3-wp/Newtonsoft.Json.xml" publishTime="07/04/2016 22:22:47" />
    <file relUrl="Content/themes/base/minified/images/ui-bg_highlight-soft_75_cccccc_1x100.png" publishTime="07/02/2016 16:31:26" />
    <file relUrl="Content/fonts/fonts.googleapis.com/cssff98.css" publishTime="06/14/2016 16:52:31" />
    <file relUrl="Views/TrainingOperations/CIEHFSView.cshtml" publishTime="02/24/2018 11:33:09" />
    <file relUrl="Content/css/plugins/bootstrap-datepicker/datepicker3.css" publishTime="02/08/2016 11:50:55" />
    <file relUrl="Content/fonts/Fonts/xkvoNo9fC8O2RDydKj12by3USBnSvpkopQaUR-2r7iU.ttf" publishTime="06/14/2016 16:43:56" />
    <file relUrl="Views/Branch/BatchView.cshtml" publishTime="04/02/2018 13:21:19" />
    <file relUrl="Content/themes/base/minified/jquery.ui.button.min.css" publishTime="07/02/2016 16:31:26" />
    <file relUrl="Views/Enquiry/EnquiryUploadView.cshtml" publishTime="02/24/2018 11:33:05" />
    <file relUrl="Content/js/ui/1.10.3/themes/smoothness/images/ui-icons_454545_256x240.png" publishTime="12/24/2015 21:58:05" />
    <file relUrl="Content/fonts/fonts.googleapis.com/css5c84.css" publishTime="06/14/2016 16:36:19" />
    <file relUrl="bin/Mono.Math.dll" publishTime="11/18/2015 16:47:43" />
    <file relUrl="Scripts/jquery-1.7.1.min.js" publishTime="07/02/2016 16:31:25" />
    <file relUrl="Content/js/demo/buttons-demo.js" publishTime="12/24/2015 21:58:04" />
    <file relUrl="Content/fonts/Fonts/v8ddH4VthwRj7v3g9elwpqCWcynf_cDxXwCLxiixG1c.ttf" publishTime="06/14/2016 16:36:42" />
    <file relUrl="Content/themes/base/images/ui-icons_454545_256x240.png" publishTime="07/02/2016 16:31:26" />
    <file relUrl="Content/js/ui/1.10.3/themes/smoothness/images/ui-bg_glass_75_dadada_1x400.png" publishTime="12/24/2015 21:58:05" />
    <file relUrl="packages/DotNetOpenAuth.OpenId.Core.4.0.3.12153/lib/net35-full/Org.Mentalis.Security.Cryptography.dll" publishTime="11/18/2015 16:47:43" />
    <file relUrl="Content/fonts/Fonts/xjAJXh38I15wypJXxuGMBp0EAVxt0G0biEntp43Qt6E.ttf" publishTime="06/14/2016 16:25:19" />
    <file relUrl="Content/img/user-profile-4.jpg" publishTime="12/24/2015 21:58:04" />
    <file relUrl="Content/img/datatables/sort_both.png" publishTime="12/24/2015 21:58:04" />
    <file relUrl="packages/knockoutjs.2.1.0/Content/Scripts/knockout-2.1.0.js" publishTime="11/18/2015 16:47:54" />
    <file relUrl="Content/css/plugins/bootstrap-tokenfield/bootstrap-tokenfield.css" publishTime="12/24/2015 21:58:04" />
    <file relUrl="Content/themes/base/images/ui-bg_flat_0_aaaaaa_40x100.png" publishTime="07/02/2016 16:31:26" />
    <file relUrl="Content/css/plugins/fullcalendar/fullcalendar.css" publishTime="12/24/2015 21:58:04" />
    <file relUrl="packages/jQuery.UI.Combined.1.8.20.1/Content/Content/themes/base/jquery.ui.datepicker.css" publishTime="11/18/2015 16:47:51" />
    <file relUrl="Content/js/plugins/bootstrap-tokenfield/scrollspy.js" publishTime="12/24/2015 21:58:04" />
    <file relUrl="Content/js/plugins/datatables/datatables-bs3.js" publishTime="03/19/2016 09:17:10" />
    <file relUrl="packages/jQuery.UI.Combined.1.8.20.1/Content/Content/themes/base/jquery.ui.all.css" publishTime="11/18/2015 16:47:51" />
    <file relUrl="Content/themes/base/jquery.ui.slider.css" publishTime="07/02/2016 16:31:26" />
    <file relUrl="Views/FeedbackForm/feedbackFormView.cshtml" publishTime="05/06/2016 16:42:22" />
    <file relUrl="Content/js/plugins/jvectormap/jquery-jvectormap-1.2.2.min.js" publishTime="12/24/2015 21:58:04" />
    <file relUrl="Global.asax" publishTime="02/24/2018 11:32:56" />
    <file relUrl="Content/css/plugins/messenger/messenger-theme-flat.css" publishTime="12/24/2015 21:58:04" />
    <file relUrl="Content/js/plugins/pace/pace.js" publishTime="12/24/2015 21:58:05" />
    <file relUrl="packages/DotNetOpenAuth.OpenId.Core.4.0.3.12153/lib/net40-full/Mono.Math.dll" publishTime="11/18/2015 16:47:43" />
    <file relUrl="packages/DotNetOpenAuth.OpenId.Core.4.0.3.12153/lib/net35-full/DotNetOpenAuth.OpenId.dll" publishTime="11/18/2015 16:47:43" />
    <file relUrl="packages/Microsoft.AspNet.WebPages.2.0.20710.0/lib/net40/System.Web.WebPages.Deployment.xml" publishTime="11/18/2015 16:58:23" />
    <file relUrl="Content/themes/base/minified/jquery.ui.accordion.min.css" publishTime="07/02/2016 16:31:26" />
    <file relUrl="packages.config" publishTime="07/02/2016 16:31:37" />
    <file relUrl="Views/Logininfo/IPBasedErrorMessage.cshtml" publishTime="02/18/2016 20:29:59" />
    <file relUrl="Content/css/plugins/bootstrap-timepicker/bootstrap-timepicker.min.css" publishTime="12/24/2015 21:58:04" />
    <file relUrl="bin/Microsoft.Web.Infrastructure.dll" publishTime="02/25/2016 18:09:13" />
    <file relUrl="Views/Web.config" publishTime="11/17/2015 20:21:07" />
    <file relUrl="Views/Inventory/BookIssuseView.cshtml" publishTime="02/24/2018 11:33:06" />
    <file relUrl="Content/img/icons/RA.png" publishTime="03/24/2016 16:12:52" />
    <file relUrl="Content/js/plugins/moment/moment.min.js" publishTime="12/24/2015 21:58:05" />
    <file relUrl="Views/TrainingOperations/BritishCouncilView.cshtml" publishTime="02/24/2018 11:33:09" />
    <file relUrl="Content/fonts/fonts.googleapis.com/csscdcb.css" publishTime="06/14/2016 16:46:51" />
    <file relUrl="Views/Escalation/EscalationView.cshtml" publishTime="02/24/2018 11:33:06" />
    <file relUrl="Content/js/plugins/popupoverlay/jquery.popupoverlay.js" publishTime="12/24/2015 21:58:05" />
    <file relUrl="packages/Microsoft.AspNet.WebApi.WebHost.4.0.20710.0/lib/net40/System.Web.Http.WebHost.xml" publishTime="11/18/2015 16:58:20" />
    <file relUrl="Content/fonts/fonts.googleapis.com/css3ef8.css" publishTime="06/14/2016 16:22:17" />
    <file relUrl="Content/js/plugins/ladda/ladda.min.js" publishTime="12/24/2015 21:58:05" />
    <file relUrl="Content/js/plugins/bootstrap-tokenfield/bootstrap-tokenfield.min.js" publishTime="12/24/2015 21:58:04" />
    <file relUrl="packages/DotNetOpenAuth.OAuth.Core.4.0.3.12153/lib/net40-full/DotNetOpenAuth.OAuth.xml" publishTime="07/04/2016 22:22:46" />
    <file relUrl="Content/fonts/fonts.googleapis.com/css5c7f.css" publishTime="06/14/2016 16:30:04" />
    <file relUrl="Content/img/Service007_old.png" publishTime="12/24/2015 21:58:04" />
    <file relUrl="Content/js/plugins/slimscroll/jquery.slimscroll.min.js" publishTime="12/24/2015 21:58:05" />
    <file relUrl="packages/DotNetOpenAuth.OAuth.Consumer.4.0.3.12153/lib/net40-full/DotNetOpenAuth.OAuth.Consumer.xml" publishTime="11/18/2015 16:47:37" />
    <file relUrl="Content/css/plugins/datatables/datatables.css" publishTime="12/24/2015 21:58:04" />
    <file relUrl="bin/DotNetOpenAuth.OpenId.dll" publishTime="02/25/2016 18:09:13" />
    <file relUrl="packages/jQuery.UI.Combined.1.8.20.1/Content/Content/themes/base/minified/jquery.ui.datepicker.min.css" publishTime="11/18/2015 16:47:51" />
    <file relUrl="Content/fonts/Fonts/PRmiXeptR36kaC0GEAetxi8cqLH4MEiSE0ROcU-qHOA.ttf" publishTime="06/14/2016 16:34:58" />
    <file relUrl="Content/img/icons/IOSH.jpg" publishTime="03/24/2016 16:12:52" />
    <file relUrl="bin/NPOI.OOXML.dll.refresh" publishTime="02/25/2016 18:09:13" />
    <file relUrl="packages/Microsoft.AspNet.WebApi.Core.4.0.20710.0/lib/net40/System.Web.Http.xml" publishTime="07/04/2016 22:22:46" />
    <file relUrl="Content/img/MyProfile.jpg" publishTime="05/21/2016 14:58:21" />
    <file relUrl="Content/fonts/fonts.googleapis.com/css51a1.css" publishTime="06/14/2016 16:25:33" />
    <file relUrl="Content/js/demo/advanced-tables-demo.js" publishTime="12/24/2015 21:58:04" />
    <file relUrl="ExcelTemplate/EnquiryUploadDetails.xls" publishTime="01/19/2018 13:12:15" />
    <file relUrl="packages/jQuery.1.7.1.1/Tools/jquery-1.7.1.intellisense.js" publishTime="11/18/2015 16:47:49" />
    <file relUrl="Content/icons/font-awesome/fonts/fontawesome-webfontba72-2.html" publishTime="12/24/2015 21:58:04" />
    <file relUrl="Content/js/plugins/flot/jquery.flot.pie.js" publishTime="05/11/2016 10:46:28" />
    <file relUrl="Content/img/scrolltop.png" publishTime="08/31/2016 10:03:06" />
    <file relUrl="Content/fonts/Fonts/_aijTyevf54tkVDLy-dlnKCWcynf_cDxXwCLxiixG1c.ttf" publishTime="06/14/2016 16:17:36" />
    <file relUrl="Content/themes/base/minified/images/ui-icons_2e83ff_256x240.png" publishTime="07/02/2016 16:31:26" />
    <file relUrl="packages/Microsoft.AspNet.WebApi.Client.4.0.20710.0/lib/net40/System.Net.Http.Formatting.dll" publishTime="11/18/2015 16:58:15" />
    <file relUrl="Content/css/plugins/fonts/glyphicons-halflings-regular-2.html" publishTime="12/24/2015 21:58:04" />
    <file relUrl="packages/Microsoft.Net.Http.2.0.20710.0/lib/net40/System.Net.Http.WebRequest.xml" publishTime="11/18/2015 16:58:38" />
    <file relUrl="Content/img/widget-bg-evening.jpg" publishTime="12/24/2015 21:58:04" />
    <file relUrl="Content/icons/font-awesome/css/font-awesome.min.css" publishTime="03/14/2018 11:32:13" />
    <file relUrl="Content/js/plugins/bootstrap-tokenfield/affix.js" publishTime="12/24/2015 21:58:04" />
    <file relUrl="bin/Newtonsoft.Json.dll" publishTime="02/25/2016 18:09:13" />
    <file relUrl="Content/themes/base/minified/images/ui-bg_flat_75_ffffff_40x100.png" publishTime="07/02/2016 16:31:26" />
    <file relUrl="Views/Master/ProofTypeView.cshtml" publishTime="02/24/2018 11:33:08" />
    <file relUrl="packages/Microsoft.AspNet.WebPages.2.0.20710.0/lib/net40/System.Web.Helpers.xml" publishTime="11/18/2015 16:58:23" />
    <file relUrl="Content/fonts/Fonts/JbtMzqLaYbbbCL9X6EvaIy3USBnSvpkopQaUR-2r7iU.ttf" publishTime="06/14/2016 16:44:34" />
    <file relUrl="bin/System.Web.Http.WebHost.dll" publishTime="02/25/2016 18:09:13" />
    <file relUrl="packages/Microsoft.AspNet.WebApi.Core.4.0.20710.0/lib/net40/System.Web.Http.dll" publishTime="11/18/2015 16:58:18" />
    <file relUrl="packages/jQuery.Validation.1.9.0.1/Content/Scripts/jquery.validate.min.js" publishTime="11/18/2015 16:47:53" />
    <file relUrl="Content/themes/base/minified/images/ui-icons_222222_256x240.png" publishTime="07/02/2016 16:31:26" />
    <file relUrl="packages/Microsoft.jQuery.Unobtrusive.Ajax.2.0.20710.0/Content/Scripts/jquery.unobtrusive-ajax.min.js" publishTime="11/18/2015 16:58:33" />
    <file relUrl="packages/DotNetOpenAuth.OAuth.Core.4.0.3.12153/lib/net35-full/DotNetOpenAuth.OAuth.xml" publishTime="07/04/2016 22:22:46" />
    <file relUrl="packages/DotNetOpenAuth.OAuth.Consumer.4.0.3.12153/lib/net35-full/DotNetOpenAuth.OAuth.Consumer.xml" publishTime="11/18/2015 16:47:37" />
    <file relUrl="packages/jQuery.UI.Combined.1.8.20.1/Content/Content/themes/base/jquery.ui.autocomplete.css" publishTime="11/18/2015 16:47:51" />
    <file relUrl="Views/Master/InstitutionTypeView.cshtml" publishTime="02/24/2018 11:33:07" />
    <file relUrl="Content/js/ui/1.10.3/themes/smoothness/images/ui-icons_888888_256x240.png" publishTime="12/24/2015 21:58:05" />
    <file relUrl="packages/jQuery.Validation.1.9.0.1/Content/Scripts/jquery.validate.js" publishTime="11/18/2015 16:47:53" />
    <file relUrl="packages/DotNetOpenAuth.OpenId.RelyingParty.4.0.3.12153/lib/net35-full/DotNetOpenAuth.OpenId.RelyingParty.dll" publishTime="11/18/2015 16:47:44" />
    <file relUrl="Views/Master/ExamFeeRangeView.cshtml" publishTime="02/24/2018 11:33:07" />
    <file relUrl="Content/js/plugins/bootstrap-tokenfield/typeahead.min.js" publishTime="12/24/2015 21:58:04" />
    <file relUrl="Views/TrainingOperations/CIEHETView.cshtml" publishTime="02/24/2018 11:33:09" />
    <file relUrl="bin/System.Web.WebPages.Deployment.dll" publishTime="02/25/2016 18:09:13" />
    <file relUrl="packages/jQuery.UI.Combined.1.8.20.1/Content/Content/themes/base/minified/images/ui-bg_flat_0_aaaaaa_40x100.png" publishTime="11/18/2015 16:47:51" />
    <file relUrl="Content/fonts/Fonts/OMD20Sg9RTs7sUORCEN-7Z0EAVxt0G0biEntp43Qt6E.ttf" publishTime="06/14/2016 16:21:49" />
    <file relUrl="Content/img/profile-full.jpg" publishTime="12/24/2015 21:58:04" />
    <file relUrl="packages/jQuery.UI.Combined.1.8.20.1/Content/Content/themes/base/jquery.ui.button.css" publishTime="11/18/2015 16:47:51" />
    <file relUrl="Content/img/notaccess.jpg" publishTime="03/01/2016 18:49:01" />
    <file relUrl="Content/js/demo/notifications-demo.js" publishTime="12/24/2015 21:58:04" />
    <file relUrl="packages/Microsoft.Web.Infrastructure.1.0.0.0/lib/net40/Microsoft.Web.Infrastructure.dll" publishTime="11/18/2015 16:58:41" />
    <file relUrl="Views/ExamResult/printView.cshtml" publishTime="02/24/2018 11:45:51" />
    <file relUrl="packages/DotNetOpenAuth.OpenId.Core.4.0.3.12153/lib/net40-full/Org.Mentalis.Security.Cryptography.dll" publishTime="11/18/2015 16:47:43" />
    <file relUrl="packages/Microsoft.AspNet.WebPages.OAuth.2.0.20710.0/lib/net40/Microsoft.Web.WebPages.OAuth.xml" publishTime="11/18/2015 16:58:28" />
    <file relUrl="Content/themes/base/images/ui-bg_flat_75_ffffff_40x100.png" publishTime="07/02/2016 16:31:26" />
    <file relUrl="Content/js/plugins/flot/jquery.flot.resize.js" publishTime="12/24/2015 21:58:04" />
    <file relUrl="packages/repositories.config" publishTime="11/18/2015 17:49:53" />
    <file relUrl="bin/EntityFramework.dll" publishTime="02/25/2016 18:09:13" />
    <file relUrl="Content/fonts/fonts.googleapis.com/css330f.css" publishTime="06/14/2016 16:16:57" />
    <file relUrl="Views/TrainingOperations/BritishCouncilIDipView.cshtml" publishTime="02/24/2018 11:33:09" />
    <file relUrl="Content/fonts/Fonts/ohKfORL_YnhBMzkCPoIqwp0EAVxt0G0biEntp43Qt6E.ttf" publishTime="06/14/2016 16:21:18" />
    <file relUrl="packages/DotNetOpenAuth.OpenId.Core.4.0.3.12153/lib/net35-full/Mono.Math.dll" publishTime="11/18/2015 16:47:43" />
    <file relUrl="Content/img/profile-pic.jpg" publishTime="12/24/2015 21:58:04" />
    <file relUrl="Content/js/ui/1.10.3/themes/smoothness/images/ui-bg_glass_95_fef1ec_1x400.png" publishTime="12/24/2015 21:58:05" />
    <file relUrl="Content/fonts/Fonts/k3k702ZOKiLJc3WVjuplzNqQynqKV_9Plp7mupa0S4g.ttf" publishTime="06/14/2016 16:15:35" />
    <file relUrl="Content/themes/base/jquery.ui.all.css" publishTime="07/02/2016 16:31:26" />
    <file relUrl="Scripts/jquery-1.7.1.js" publishTime="07/02/2016 16:31:25" />
    <file relUrl="Content/fonts/Fonts/CPAu-bzTEu9wrZwmKODSRw.ttf" publishTime="06/14/2016 16:13:26" />
    <file relUrl="Views/Shared/_Layout.cshtml" publishTime="03/22/2018 18:39:23" />
    <file relUrl="Content/img/ARROW3.png" publishTime="05/27/2016 13:27:18" />
    <file relUrl="Content/js/plugins/jvectormap/maps/jquery-jvectormap-world-mill-en.js" publishTime="12/24/2015 21:58:05" />
    <file relUrl="Views/Account/_ExternalLoginsListPartial.cshtml" publishTime="11/17/2015 20:21:07" />
    <file relUrl="Content/themes/base/minified/jquery.ui.resizable.min.css" publishTime="07/02/2016 16:31:26" />
    <file relUrl="Views/MailSms/MailSmsView.cshtml" publishTime="02/24/2018 11:33:06" />
    <file relUrl="Content/js/plugins/fullcalendar/fullcalendar.min.js" publishTime="12/24/2015 21:58:04" />
    <file relUrl="Content/icons/font-awesome/fonts/fontawesome-webfontba72.html" publishTime="12/24/2015 21:58:04" />
    <file relUrl="Content/js/plugins/bootstrap-maxlength/bootstrap-maxlength.js" publishTime="12/24/2015 21:58:04" />
    <file relUrl="packages/jQuery.UI.Combined.1.8.20.1/Content/Content/themes/base/images/ui-icons_cd0a0a_256x240.png" publishTime="11/18/2015 16:47:51" />
    <file relUrl="Content/themes/base/minified/jquery.ui.dialog.min.css" publishTime="07/02/2016 16:31:26" />
    <file relUrl="packages/Newtonsoft.Json.4.5.6/lib/net40/Newtonsoft.Json.dll" publishTime="11/18/2015 16:58:47" />
    <file relUrl="Content/img/datatables/sort_asc_disabled.png" publishTime="12/24/2015 21:58:04" />
    <file relUrl="Content/js/plugins/bootstrap-datepicker/bootstrap-datepicker.js" publishTime="12/24/2015 21:58:04" />
    <file relUrl="bin/System.Web.Optimization.dll" publishTime="02/25/2016 18:09:13" />
    <file relUrl="Views/UserManagement/UserDetailsView.cshtml" publishTime="03/26/2018 21:31:46" />
    <file relUrl="packages/EntityFramework.5.0.0/tools/migrate.exe" publishTime="11/18/2015 16:47:47" />
    <file relUrl="packages/Microsoft.AspNet.Mvc.4.0.20710.0/lib/net40/System.Web.Mvc.xml" publishTime="07/04/2016 22:22:46" />
    <file relUrl="packages/DotNetOpenAuth.OpenId.Core.4.0.3.12153/lib/net35-full/Org.Mentalis.Security.Cryptography.xml" publishTime="07/04/2016 22:14:05" />
    <file relUrl="Views/TrainingOperations/EcoleView.cshtml" publishTime="02/24/2018 11:33:10" />
    <file relUrl="Views/Home/About.cshtml" publishTime="11/17/2015 20:21:07" />
    <file relUrl="packages/jQuery.UI.Combined.1.8.20.1/Content/Content/themes/base/minified/jquery.ui.dialog.min.css" publishTime="11/18/2015 16:47:51" />
    <file relUrl="Content/css/plugins/fonts/glyphicons-halflings-regulard41d.eot" publishTime="12/24/2015 21:58:04" />
    <file relUrl="bin/Mono.Math.xml" publishTime="11/18/2015 16:47:43" />
    <file relUrl="Content/fonts/fonts.googleapis.com/cssc823.css" publishTime="06/14/2016 16:44:44" />
    <file relUrl="Views/Account/Login.cshtml" publishTime="02/24/2018 11:33:04" />
    <file relUrl="Content/fonts/Fonts/sFrCOZyTyEAHf4DVfROzbKCWcynf_cDxXwCLxiixG1c.ttf" publishTime="06/14/2016 16:14:11" />
    <file relUrl="Content/themes/base/minified/images/ui-icons_454545_256x240.png" publishTime="07/02/2016 16:31:26" />
    <file relUrl="Scripts/knockout-2.1.0.debug.js" publishTime="07/02/2016 16:31:26" />
    <file relUrl="packages/DotNetOpenAuth.OpenId.RelyingParty.4.0.3.12153/lib/net40-full/DotNetOpenAuth.OpenId.RelyingParty.dll" publishTime="11/18/2015 16:47:44" />
    <file relUrl="Content/themes/base/jquery.ui.datepicker.css" publishTime="07/02/2016 16:31:26" />
    <file relUrl="packages/jQuery.UI.Combined.1.8.20.1/Content/Content/themes/base/images/ui-bg_glass_95_fef1ec_1x400.png" publishTime="11/18/2015 16:47:51" />
    <file relUrl="Content/js/plugins/morris/morris-demo-data.js" publishTime="12/24/2015 21:58:05" />
    <file relUrl="packages/WebGrease.1.1.0/tools/WG.exe" publishTime="11/18/2015 17:03:53" />
    <file relUrl="Views/Master/PriceTypeView.cshtml" publishTime="02/24/2018 11:33:08" />
    <file relUrl="bin/System.Web.Mvc.dll" publishTime="02/25/2016 18:09:13" />
    <file relUrl="Views/Branch/BranchView.cshtml" publishTime="03/23/2018 12:27:29" />
    <file relUrl="Content/fonts/Fonts/CcKI4k9un7TZVWzRVT-T8y3USBnSvpkopQaUR-2r7iU.ttf" publishTime="06/14/2016 16:40:23" />
    <file relUrl="packages/jQuery.UI.Combined.1.8.20.1/Content/Content/themes/base/minified/images/ui-icons_888888_256x240.png" publishTime="11/18/2015 16:47:51" />
    <file relUrl="Scripts/jquery.validate.js" publishTime="07/02/2016 16:31:26" />
    <file relUrl="bin/Microsoft.Web.WebPages.OAuth.dll" publishTime="02/25/2016 18:09:13" />
    <file relUrl="bin/DotNetOpenAuth.OpenId.RelyingParty.dll" publishTime="02/25/2016 18:09:13" />
    <file relUrl="Content/js/ui/1.10.3/themes/smoothness/images/ui-bg_highlight-soft_75_cccccc_1x100.png" publishTime="12/24/2015 21:58:05" />
    <file relUrl="Content/fonts/Fonts/ISUraQdBYMI3VoDzBxXqNvesZW2xOQ-xsNqO47m55DA.ttf" publishTime="06/14/2016 16:20:41" />
    <file relUrl="Content/themes/base/minified/images/ui-bg_glass_65_ffffff_1x400.png" publishTime="07/02/2016 16:31:26" />
    <file relUrl="Views/ExamResult/UploadReportDetails.cshtml" publishTime="02/24/2018 11:33:06" />
    <file relUrl="Content/css/plugins/summernote/summernote.css" publishTime="12/24/2015 21:58:04" />
    <file relUrl="Content/css/style.css" publishTime="05/25/2016 14:18:50" />
    <file relUrl="packages/Microsoft.jQuery.Unobtrusive.Ajax.2.0.20710.0/Content/Scripts/jquery.unobtrusive-ajax.js" publishTime="11/18/2015 16:58:33" />
    <file relUrl="Content/js/placeholdem.min.js" publishTime="05/05/2016 21:58:55" />
    <file relUrl="Content/js/demo/calendar-demo.js" publishTime="12/24/2015 21:58:04" />
    <file relUrl="Views/Enquiry/EnqFullView.cshtml" publishTime="03/19/2018 14:14:56" />
    <file relUrl="Views/Master/knowView.cshtml" publishTime="02/24/2018 11:33:07" />
    <file relUrl="bin/WebMatrix.Data.dll" publishTime="02/25/2016 18:09:13" />
    <file relUrl="packages/Newtonsoft.Json.4.5.6/lib/winrt45/Newtonsoft.Json.dll" publishTime="11/18/2015 16:58:48" />
    <file relUrl="Scripts/knockout-2.1.0.js" publishTime="07/02/2016 16:31:26" />
    <file relUrl="Views/Master/ExaminationTypeView.cshtml" publishTime="02/24/2018 11:33:07" />
    <file relUrl="bin/System.Net.Http.Formatting.dll" publishTime="02/25/2016 18:09:13" />
    <file relUrl="Content/themes/base/minified/jquery.ui.selectable.min.css" publishTime="07/02/2016 16:31:26" />
    <file relUrl="Content/js/plugins/daterangepicker/daterangepicker.js" publishTime="12/24/2015 21:58:04" />
    <file relUrl="Content/js/plugins/popupoverlay/logout.js" publishTime="12/24/2015 21:58:05" />
    <file relUrl="packages/jQuery.1.7.1.1/Content/Scripts/jquery-1.7.1.js" publishTime="11/18/2015 16:47:49" />
    <file relUrl="Content/img/accesscontrols.jpg" publishTime="02/29/2016 19:45:13" />
    <file relUrl="packages/Newtonsoft.Json.4.5.6/lib/sl4-windowsphone71/Newtonsoft.Json.dll" publishTime="11/18/2015 16:58:48" />
    <file relUrl="packages/EntityFramework.5.0.0/lib/net45/EntityFramework.dll" publishTime="11/18/2015 16:47:47" />
    <file relUrl="Content/img/profile-pic-small.jpg" publishTime="12/24/2015 21:58:04" />
    <file relUrl="Content/img/user-profile-1.jpg" publishTime="12/24/2015 21:58:04" />
    <file relUrl="Views/Shared/_LoginPage.cshtml" publishTime="02/24/2018 11:46:34" />
    <file relUrl="Content/fonts/Fonts/PRmiXeptR36kaC0GEAetxp_TkvowlIOtbR7ePgFOpF4.ttf" publishTime="06/14/2016 16:35:30" />
    <file relUrl="Content/img/AccessNotAllowed.jpg" publishTime="03/01/2016 18:53:18" />
    <file relUrl="bin/NPOI.OOXML.dll" publishTime="02/25/2016 18:09:13" />
    <file relUrl="Content/themes/base/jquery.ui.autocomplete.css" publishTime="07/02/2016 16:31:26" />
    <file relUrl="Views/Home/Index.cshtml" publishTime="02/24/2018 11:33:06" />
    <file relUrl="Views/TrainingOperations/CheckListMenuView.cshtml" publishTime="02/24/2018 11:33:09" />
    <file relUrl="Content/js/ui/1.10.3/themes/smoothness/images/ui-bg_glass_65_ffffff_1x400.png" publishTime="12/24/2015 21:58:05" />
    <file relUrl="bin/NPOI.OpenXml4Net.xml" publishTime="02/25/2016 18:09:13" />
    <file relUrl="Content/icons/font-awesome/fonts/fontawesome-webfontba72.eot" publishTime="12/24/2015 21:58:04" />
    <file relUrl="Content/js/jquery-ui.min.js" publishTime="12/24/2015 21:58:04" />
    <file relUrl="Content/themes/base/images/ui-bg_glass_95_fef1ec_1x400.png" publishTime="07/02/2016 16:31:26" />
    <file relUrl="packages/Newtonsoft.Json.4.5.6/lib/net20/Newtonsoft.Json.xml" publishTime="07/04/2016 22:22:47" />
    <file relUrl="packages/Microsoft.AspNet.WebPages.2.0.20710.0/lib/net40/System.Web.WebPages.xml" publishTime="11/18/2015 16:58:23" />
    <file relUrl="packages/Newtonsoft.Json.4.5.6/lib/sl4/Newtonsoft.Json.xml" publishTime="07/04/2016 22:22:47" />
    <file relUrl="Content/js/plugins/datatables/jquery.dataTables.js" publishTime="12/24/2015 21:58:04" />
    <file relUrl="Content/js/plugins/bootstrap-timepicker/bootstrap-timepicker.min.js" publishTime="05/10/2016 17:38:00" />
    <file relUrl="Views/BatchView.cshtml" publishTime="02/24/2018 11:33:05" />
    <file relUrl="Content/icons/font-awesome/fonts/fontawesome-webfontd41d.eot" publishTime="12/24/2015 21:58:04" />
    <file relUrl="Views/Master/CityView.cshtml" publishTime="02/24/2018 11:33:06" />
    <file relUrl="Views/CourseDetails/CourseFee.cshtml" publishTime="03/29/2018 14:40:24" />
    <file relUrl="Content/js/plugins/summernote/summernote.min.js" publishTime="01/23/2016 09:37:52" />
    <file relUrl="Views/ExamResult/ExamResultView.cshtml" publishTime="02/24/2018 11:50:48" />
    <file relUrl="bin/DotNetOpenAuth.OAuth.dll" publishTime="02/25/2016 18:09:13" />
    <file relUrl="packages/jQuery.UI.Combined.1.8.20.1/Content/Content/themes/base/jquery.ui.resizable.css" publishTime="11/18/2015 16:47:51" />
    <file relUrl="packages/knockoutjs.2.1.0/Content/Scripts/knockout-2.1.0.debug.js" publishTime="11/18/2015 16:47:54" />
    <file relUrl="Scripts/jquery.unobtrusive-ajax.js" publishTime="07/02/2016 16:31:29" />
    <file relUrl="packages/Microsoft.AspNet.Web.Optimization.1.0.0/lib/net40/System.Web.Optimization.dll" publishTime="11/18/2015 16:58:10" />
    <file relUrl="Content/themes/base/jquery.ui.selectable.css" publishTime="07/02/2016 16:31:26" />
    <file relUrl="Views/Account/_SetPasswordPartial.cshtml" publishTime="02/24/2018 11:33:04" />
    <file relUrl="bin/System.Web.WebPages.dll" publishTime="02/25/2016 18:09:13" />
    <file relUrl="packages/jQuery.UI.Combined.1.8.20.1/Content/Content/themes/base/minified/images/ui-bg_glass_55_fbf9ee_1x400.png" publishTime="11/18/2015 16:47:51" />
    <file relUrl="Content/fonts/fonts.googleapis.com/css04d3.css" publishTime="06/14/2016 16:12:38" />
    <file relUrl="Content/img/loadingq.gif" publishTime="05/06/2016 19:23:16" />
    <file relUrl="Content/js/plugins/messenger/messenger-theme-flat.js" publishTime="12/24/2015 21:58:05" />
    <file relUrl="Views/UserManagement/DesignationView.cshtml" publishTime="02/24/2018 11:33:11" />
    <file relUrl="Views/TrainingOperations/NEBOSHIGCView.cshtml" publishTime="02/24/2018 11:33:11" />
    <file relUrl="packages/jQuery.UI.Combined.1.8.20.1/Content/Content/themes/base/images/ui-bg_glass_65_ffffff_1x400.png" publishTime="11/18/2015 16:47:51" />
    <file relUrl="Content/themes/base/jquery.ui.progressbar.css" publishTime="07/02/2016 16:31:26" />
    <file relUrl="packages/jQuery.UI.Combined.1.8.20.1/Content/Content/themes/base/minified/jquery.ui.progressbar.min.css" publishTime="11/18/2015 16:47:51" />
    <file relUrl="packages/DotNetOpenAuth.Core.4.0.3.12153/lib/net40-full/DotNetOpenAuth.Core.xml" publishTime="07/04/2016 22:23:04" />
    <file relUrl="bin/WebMatrix.WebData.dll" publishTime="02/25/2016 18:09:13" />
    <file relUrl="Content/css/gallery.css" publishTime="05/26/2016 14:40:25" />
    <file relUrl="packages/WebGrease.1.1.0/lib/WebGrease.dll" publishTime="11/18/2015 17:03:53" />
    <file relUrl="packages/jQuery.UI.Combined.1.8.20.1/Content/Content/themes/base/jquery.ui.selectable.css" publishTime="11/18/2015 16:47:51" />
    <file relUrl="Views/Enquiry/EnquiryView.cshtml" publishTime="04/06/2018 11:47:21" />
    <file relUrl="Views/TrainingOperations/IOSHView.cshtml" publishTime="02/24/2018 11:47:14" />
    <file relUrl="packages/Newtonsoft.Json.4.5.6/lib/net35/Newtonsoft.Json.xml" publishTime="07/04/2016 22:22:47" />
    <file relUrl="Content/fonts/Fonts/OsJ2DjdpjqFRVUSto6IffKCWcynf_cDxXwCLxiixG1c.ttf" publishTime="06/14/2016 16:18:52" />
    <file relUrl="Scripts/modernizr-2.5.3.js" publishTime="07/02/2016 16:31:31" />
    <file relUrl="packages/EntityFramework.5.0.0/tools/Redirect.config" publishTime="11/18/2015 16:47:47" />
    <file relUrl="Scripts/jquery.validate.unobtrusive.js" publishTime="07/02/2016 16:31:29" />
    <file relUrl="packages/DotNetOpenAuth.Core.4.0.3.12153/lib/net35-full/DotNetOpenAuth.Core.xml" publishTime="07/04/2016 22:23:06" />
    <file relUrl="Content/css/plugins/daterangepicker/daterangepicker-bs3.css" publishTime="12/24/2015 21:58:04" />
    <file relUrl="packages/jQuery.UI.Combined.1.8.20.1/Content/Content/themes/base/minified/jquery.ui.autocomplete.min.css" publishTime="11/18/2015 16:47:51" />
    <file relUrl="Content/themes/base/images/ui-icons_888888_256x240.png" publishTime="07/02/2016 16:31:26" />
    <file relUrl="packages/Microsoft.Net.Http.2.0.20710.0/lib/net40/System.Net.Http.xml" publishTime="07/04/2016 18:59:03" />
    <file relUrl="Views/TrainingOperations/NEBOSHHSWView.cshtml" publishTime="02/24/2018 11:33:10" />
    <file relUrl="bin/NPOI.OpenXmlFormats.dll.refresh" publishTime="02/25/2016 18:09:13" />
    <file relUrl="bin/NPOI.dll.refresh" publishTime="02/25/2016 18:09:13" />
    <file relUrl="Content/fonts/Fonts/k3k702ZOKiLJc3WVjuplzInF5uFdDttMLvmWuJdhhgs.ttf" publishTime="06/14/2016 16:32:29" />
    <file relUrl="Scripts/jquery-ui-1.8.20.min.js" publishTime="07/02/2016 16:31:25" />
    <file relUrl="Content/themes/base/minified/jquery.ui.core.min.css" publishTime="07/02/2016 16:31:26" />
    <file relUrl="Views/Branch/BranchHolidaysView.cshtml" publishTime="03/27/2018 07:00:41" />
    <file relUrl="packages/EntityFramework.5.0.0/tools/Redirect.VS11.config" publishTime="11/18/2015 16:47:47" />
    <file relUrl="Views/Branch/BatchUploadView.cshtml" publishTime="02/24/2018 11:33:05" />
    <file relUrl="packages/DotNetOpenAuth.OpenId.Core.4.0.3.12153/lib/net40-full/DotNetOpenAuth.OpenId.xml" publishTime="07/04/2016 19:02:54" />
    <file relUrl="Content/img/user-profile-2.jpg" publishTime="12/24/2015 21:58:04" />
    <file relUrl="packages/jQuery.UI.Combined.1.8.20.1/Content/Content/themes/base/minified/jquery.ui.accordion.min.css" publishTime="11/18/2015 16:47:51" />
    <file relUrl="bin/WebGrease.dll" publishTime="02/25/2016 18:09:13" />
    <file relUrl="Content/js/ui/1.10.3/jquery-ui.js" publishTime="12/24/2015 21:58:05" />
    <file relUrl="Content/fonts/Fonts/toadOcfmlt9b38dHJxOBGNNE-IuDiR70wI4zXaKqWCM.ttf" publishTime="06/14/2016 16:29:11" />
    <file relUrl="packages/jQuery.UI.Combined.1.8.20.1/Content/Content/themes/base/jquery.ui.slider.css" publishTime="11/18/2015 16:47:51" />
    <file relUrl="packages/jQuery.UI.Combined.1.8.20.1/Content/Content/themes/base/minified/jquery.ui.tabs.min.css" publishTime="11/18/2015 16:47:51" />
    <file relUrl="packages/DotNetOpenAuth.OpenId.Core.4.0.3.12153/lib/net35-full/DotNetOpenAuth.OpenId.xml" publishTime="07/04/2016 19:02:54" />
    <file relUrl="Content/themes/base/minified/jquery.ui.datepicker.min.css" publishTime="07/02/2016 16:31:26" />
    <file relUrl="Views/Master/OfficeTypeView.cshtml" publishTime="02/24/2018 11:33:08" />
    <file relUrl="Views/Master/FeedbackMasterFormView.cshtml" publishTime="02/24/2018 11:33:07" />
    <file relUrl="Content/js/plugins/flot/jquery.flot.tooltip.min.js" publishTime="12/24/2015 21:58:04" />
    <file relUrl="packages/jQuery.UI.Combined.1.8.20.1/Content/Content/themes/base/minified/images/ui-bg_highlight-soft_75_cccccc_1x100.png" publishTime="11/18/2015 16:47:51" />
    <file relUrl="Content/fonts/Fonts/M2Jd71oPJhLKp0zdtTvoM0DauxaEVho0aInXGvhmB4k.ttf" publishTime="06/14/2016 16:29:48" />
    <file relUrl="bin/NPOI.OpenXmlFormats.dll" publishTime="02/25/2016 18:09:13" />
    <file relUrl="packages/DotNetOpenAuth.OAuth.Core.4.0.3.12153/lib/net35-full/DotNetOpenAuth.OAuth.dll" publishTime="11/18/2015 16:47:39" />
    <file relUrl="packages/DotNetOpenAuth.OAuth.Consumer.4.0.3.12153/lib/net40-full/DotNetOpenAuth.OAuth.Consumer.dll" publishTime="11/18/2015 16:47:37" />
    <file relUrl="Content/css/bootstrap-multiselect.css" publishTime="12/24/2015 21:58:03" />
    <file relUrl="Content/js/ui/1.10.3/themes/smoothness/images/ui-bg_flat_0_aaaaaa_40x100.png" publishTime="12/24/2015 21:58:05" />
    <file relUrl="packages/DotNetOpenAuth.AspNet.4.0.3.12153/lib/net40-full/DotNetOpenAuth.AspNet.xml" publishTime="07/04/2016 18:44:26" />
    <file relUrl="Content/fonts/Fonts/u-WUoqrET9fUeobQW7jkRaCWcynf_cDxXwCLxiixG1c.ttf" publishTime="06/14/2016 16:14:56" />
    <file relUrl="Content/themes/base/jquery.ui.button.css" publishTime="07/02/2016 16:31:26" />
    <file relUrl="packages/jQuery.UI.Combined.1.8.20.1/Content/Content/themes/base/minified/images/ui-icons_222222_256x240.png" publishTime="11/18/2015 16:47:51" />
    <file relUrl="packages/Microsoft.jQuery.Unobtrusive.Validation.2.0.20710.0/Content/Scripts/jquery.validate.unobtrusive.js" publishTime="11/18/2015 16:58:36" />
    <file relUrl="Content/themes/base/images/ui-bg_glass_75_e6e6e6_1x400.png" publishTime="07/02/2016 16:31:26" />
    <file relUrl="Content/js/ui/1.10.3/themes/smoothness/images/ui-icons_cd0a0a_256x240.png" publishTime="12/24/2015 21:58:05" />
    <file relUrl="Content/themes/base/minified/jquery.ui.autocomplete.min.css" publishTime="07/02/2016 16:31:26" />
    <file relUrl="Content/js/plugins/bootstrap-multiselect/bootstrap-multiselect.js" publishTime="12/24/2015 22:17:13" />
    <file relUrl="bin/DotNetOpenAuth.Core.dll" publishTime="02/25/2016 18:09:13" />
    <file relUrl="packages/Microsoft.jQuery.Unobtrusive.Validation.2.0.20710.0/Content/Scripts/jquery.validate.unobtrusive.min.js" publishTime="11/18/2015 16:58:36" />
    <file relUrl="packages/jQuery.UI.Combined.1.8.20.1/Content/Content/themes/base/minified/images/ui-bg_flat_75_ffffff_40x100.png" publishTime="11/18/2015 16:47:51" />
    <file relUrl="Content/themes/base/jquery.ui.theme.css" publishTime="07/02/2016 16:31:26" />
    <file relUrl="Views/Account/ExternalLoginConfirmation.cshtml" publishTime="02/24/2018 11:33:04" />
    <file relUrl="packages/Microsoft.Net.Http.2.0.20710.0/lib/net40/System.Net.Http.WebRequest.dll" publishTime="11/18/2015 16:58:38" />
    <file relUrl="packages/Microsoft.AspNet.Razor.2.0.20710.0/lib/net40/System.Web.Razor.dll" publishTime="11/18/2015 16:58:08" />
    <file relUrl="bin/DotNetOpenAuth.AspNet.dll" publishTime="02/25/2016 18:09:13" />
    <file relUrl="packages/jQuery.UI.Combined.1.8.20.1/Content/Content/themes/base/minified/images/ui-icons_454545_256x240.png" publishTime="11/18/2015 16:47:51" />
    <file relUrl="packages/Modernizr.2.5.3/Content/Scripts/modernizr-2.5.3.js" publishTime="11/18/2015 16:58:43" />
    <file relUrl="Content/js/flex.js" publishTime="12/24/2015 21:58:04" />
    <file relUrl="bin/System.Web.Razor.dll" publishTime="02/25/2016 18:09:13" />
    <file relUrl="packages/Microsoft.AspNet.WebApi.Client.4.0.20710.0/lib/net40/System.Net.Http.Formatting.xml" publishTime="07/04/2016 18:59:03" />
    <file relUrl="Views/RoasterTimeTable/GenerateRoasterData.cshtml" publishTime="02/24/2018 11:33:08" />
    <file relUrl="Content/themes/base/jquery.ui.base.css" publishTime="07/02/2016 16:31:26" />
    <file relUrl="packages/Microsoft.AspNet.WebPages.2.0.20710.0/lib/net40/System.Web.Helpers.dll" publishTime="11/18/2015 16:58:23" />
    <file relUrl="Content/themes/base/images/ui-bg_glass_55_fbf9ee_1x400.png" publishTime="07/02/2016 16:31:26" />
    <file relUrl="Content/themes/base/images/ui-icons_cd0a0a_256x240.png" publishTime="07/02/2016 16:31:26" />
    <file relUrl="Views/ProgrammeSchedule/ProgrammeView.cshtml" publishTime="02/24/2018 11:33:08" />
    <file relUrl="packages/Microsoft.AspNet.WebPages.Data.2.0.20710.0/lib/net40/WebMatrix.Data.dll" publishTime="11/18/2015 16:58:26" />
    <file relUrl="packages/EntityFramework.5.0.0/tools/about_EntityFramework.help.txt" publishTime="11/18/2015 16:47:47" />
    <file relUrl="Views/Registration/RegFullView.cshtml" publishTime="02/24/2018 11:33:08" />
    <file relUrl="Views/Profile/ProfileView.cshtml" publishTime="02/24/2018 11:33:08" />
    <file relUrl="Content/js/ui/1.10.3/themes/smoothness/images/animated-overlay.gif" publishTime="12/24/2015 21:58:05" />
    <file relUrl="packages/DotNetOpenAuth.OAuth.Core.4.0.3.12153/lib/net40-full/DotNetOpenAuth.OAuth.dll" publishTime="11/18/2015 16:47:39" />
    <file relUrl="Views/Master/IPAddressView.cshtml" publishTime="02/24/2018 11:33:07" />
    <file relUrl="Views/Home/Contact.cshtml" publishTime="11/17/2015 20:21:07" />
    <file relUrl="Views/Master/BookView.cshtml" publishTime="04/03/2018 13:00:16" />
    <file relUrl="Views/TEST/Branch.cshtml" publishTime="03/15/2018 15:04:03" />
    <file relUrl="packages/Microsoft.AspNet.WebPages.WebData.2.0.20710.0/lib/net40/WebMatrix.WebData.dll" publishTime="11/18/2015 16:58:31" />
    <file relUrl="packages/jQuery.UI.Combined.1.8.20.1/Content/Content/themes/base/minified/jquery.ui.theme.min.css" publishTime="11/18/2015 16:47:51" />
    <file relUrl="bin/System.Web.WebPages.Razor.dll" publishTime="02/25/2016 18:09:13" />
    <file relUrl="Views/_ViewStart.cshtml" publishTime="03/14/2016 22:29:40" />
    <file relUrl="bin/NPOI.OpenXml4Net.dll.refresh" publishTime="02/25/2016 18:09:13" />
    <file relUrl="Content/themes/base/minified/jquery-ui.min.css" publishTime="07/02/2016 16:31:26" />
    <file relUrl="Content/css/plugins/fonts/glyphicons-halflings-regular.svg" publishTime="12/24/2015 21:58:04" />
    <file relUrl="packages/DotNetOpenAuth.Core.4.0.3.12153/lib/net35-full/DotNetOpenAuth.Core.dll" publishTime="11/18/2015 16:47:35" />
    <file relUrl="Content/js/plugins/flot/jquery.flot.js" publishTime="12/24/2015 21:58:04" />
    <file relUrl="Views/Account/_RemoveExternalLoginsPartial.cshtml" publishTime="02/24/2018 11:33:04" />
    <file relUrl="packages/jQuery.1.7.1.1/Content/Scripts/jquery-1.7.1.min.js" publishTime="11/18/2015 16:47:49" />
    <file relUrl="Content/js/demo/advanced-form-demo.js" publishTime="02/15/2016 10:07:18" />
    <file relUrl="packages/jQuery.UI.Combined.1.8.20.1/Content/Content/themes/base/images/ui-bg_flat_0_aaaaaa_40x100.png" publishTime="11/18/2015 16:47:51" />
    <file relUrl="packages/jQuery.UI.Combined.1.8.20.1/Content/Content/themes/base/images/ui-bg_highlight-soft_75_cccccc_1x100.png" publishTime="11/18/2015 16:47:51" />
    <file relUrl="Views/ExamResult/ResultView.cshtml" publishTime="02/24/2018 11:33:06" />
    <file relUrl="Views/Logininfo/Login.cshtml" publishTime="02/24/2018 11:33:06" />
    <file relUrl="Content/themes/base/minified/jquery.ui.theme.min.css" publishTime="07/02/2016 16:31:25" />
    <file relUrl="packages/jQuery.UI.Combined.1.8.20.1/Content/Content/themes/base/minified/images/ui-icons_cd0a0a_256x240.png" publishTime="11/18/2015 16:47:51" />
    <file relUrl="packages/Microsoft.AspNet.WebPages.OAuth.2.0.20710.0/lib/net40/Microsoft.Web.WebPages.OAuth.dll" publishTime="11/18/2015 16:58:28" />
    <file relUrl="Scripts/jquery.validate.min.js" publishTime="07/02/2016 16:31:26" />
    <file relUrl="packages/jQuery.UI.Combined.1.8.20.1/Content/Content/themes/base/minified/jquery.ui.resizable.min.css" publishTime="11/18/2015 16:47:51" />
    <file relUrl="Content/themes/base/jquery.ui.resizable.css" publishTime="07/02/2016 16:31:26" />
    <file relUrl="packages/EntityFramework.5.0.0/tools/EntityFramework.PowerShell.dll" publishTime="11/18/2015 16:47:47" />
    <file relUrl="Content/fonts/Fonts/DZ_YjBPqZ88vcZCcIXm6Vp0EAVxt0G0biEntp43Qt6E.ttf" publishTime="06/14/2016 16:20:07" />
    <file relUrl="packages/EntityFramework.5.0.0/lib/net40/EntityFramework.xml" publishTime="07/04/2016 22:24:10" />
    <file relUrl="Content/themes/base/images/ui-icons_222222_256x240.png" publishTime="07/02/2016 16:31:26" />
    <file relUrl="Content/img/preloader.gif" publishTime="02/03/2016 11:59:56" />
    <file relUrl="Content/fonts/Fonts/EInbV5DfGHOiMmvb1Xr-honF5uFdDttMLvmWuJdhhgs.ttf" publishTime="06/14/2016 16:33:08" />
    <file relUrl="packages/jQuery.UI.Combined.1.8.20.1/Content/Content/themes/base/minified/images/ui-bg_glass_75_e6e6e6_1x400.png" publishTime="11/18/2015 16:47:51" />
    <file relUrl="Content/fonts/Fonts/7XUFZ5tgS-tD6QamInJTcU3KvHLhcNjEHFQzwNtdMQY.ttf" publishTime="06/14/2016 16:50:21" />
    <file relUrl="packages/Microsoft.AspNet.WebPages.WebData.2.0.20710.0/lib/net40/WebMatrix.WebData.xml" publishTime="11/18/2015 16:58:31" />
    <file relUrl="Content/js/demo/sliders-demo.js" publishTime="12/24/2015 21:58:04" />
    <file relUrl="Content/fonts/Fonts/nj47mAZe0mYUIySgfn0wpQ.ttf" publishTime="06/14/2016 16:11:52" />
    <file relUrl="packages/EntityFramework.5.0.0/tools/EntityFramework.PowerShell.Utility.dll" publishTime="11/18/2015 16:47:47" />
    <file relUrl="Views/Master/CategoryView.cshtml" publishTime="02/24/2018 11:33:06" />
    <file relUrl="packages/jQuery.UI.Combined.1.8.20.1/Content/Content/themes/base/jquery.ui.core.css" publishTime="11/18/2015 16:47:51" />
    <file relUrl="Views/Account/Manage.cshtml" publishTime="02/24/2018 11:33:04" />
    <file relUrl="Web.config" publishTime="04/06/2018 12:12:59" />
    <file relUrl="Content/css/plugins/messenger/messenger.css" publishTime="12/24/2015 21:58:04" />
    <file relUrl="packages/jQuery.UI.Combined.1.8.20.1/Content/Content/themes/base/images/ui-bg_flat_75_ffffff_40x100.png" publishTime="11/18/2015 16:47:51" />
    <file relUrl="packages/DotNetOpenAuth.OpenId.Core.4.0.3.12153/lib/net35-full/Mono.Math.xml" publishTime="11/18/2015 16:47:43" />
    <file relUrl="packages/jQuery.UI.Combined.1.8.20.1/Content/Content/themes/base/jquery.ui.theme.css" publishTime="11/18/2015 16:47:51" />
    <file relUrl="Content/fonts/fonts.googleapis.com/css8e21.css" publishTime="06/14/2016 16:39:23" />
    <file relUrl="bin/Antlr3.Runtime.dll" publishTime="02/25/2016 18:09:12" />
    <file relUrl="packages/Microsoft.AspNet.WebApi.WebHost.4.0.20710.0/lib/net40/System.Web.Http.WebHost.dll" publishTime="11/18/2015 16:58:20" />
    <file relUrl="Content/themes/base/images/ui-icons_2e83ff_256x240.png" publishTime="07/02/2016 16:31:26" />
    <file relUrl="Content/fonts/fonts.googleapis.com/css7df4.css" publishTime="06/14/2016 16:37:26" />
    <file relUrl="Content/themes/base/minified/images/ui-bg_glass_55_fbf9ee_1x400.png" publishTime="07/02/2016 16:31:26" />
    <file relUrl="packages/jQuery.UI.Combined.1.8.20.1/Content/Content/themes/base/jquery.ui.progressbar.css" publishTime="11/18/2015 16:47:51" />
    <file relUrl="Content/img/widget-bg-morning.jpg" publishTime="12/24/2015 21:58:04" />
    <file relUrl="packages/jQuery.UI.Combined.1.8.20.1/Content/Content/themes/base/minified/images/ui-icons_2e83ff_256x240.png" publishTime="11/18/2015 16:47:51" />
    <file relUrl="bin/NPOI.dll" publishTime="02/25/2016 18:09:13" />
    <file relUrl="Content/themes/base/images/ui-bg_glass_65_ffffff_1x400.png" publishTime="07/02/2016 16:31:26" />
    <file relUrl="Content/fonts/Fonts/2Q-AW1e_taO6pHwMXcXW5w.ttf" publishTime="06/14/2016 16:18:17" />
    <file relUrl="Content/img/datatables/sort_desc.png" publishTime="12/24/2015 21:58:04" />
    <file relUrl="Scripts/jquery-ui-1.8.20.js" publishTime="07/02/2016 16:31:25" />
    <file relUrl="Content/UserImages/profile-pic.jpg" publishTime="12/24/2015 21:58:05" />
    <file relUrl="packages/jQuery.UI.Combined.1.8.20.1/Content/Content/themes/base/minified/jquery.ui.slider.min.css" publishTime="11/18/2015 16:47:51" />
    <file relUrl="packages/Newtonsoft.Json.4.5.6/lib/net20/Newtonsoft.Json.dll" publishTime="11/18/2015 16:58:47" />
    <file relUrl="Content/css/plugins/morris/morris.css" publishTime="12/24/2015 21:58:04" />
    <file relUrl="Content/img/notAuthorized.jpg" publishTime="03/01/2016 18:49:15" />
    <file relUrl="ExcelTemplate/BatchDetails.xls" publishTime="03/16/2018 17:23:46" />
    <file relUrl="Views/NewEscalation/NewEscalationView.cshtml" publishTime="02/24/2018 11:33:08" />
    <file relUrl="Content/js/bootstrap-2.3.2.min.js" publishTime="12/24/2015 21:58:04" />
    <file relUrl="Content/css/bootstrap-3.1.1.min.css" publishTime="01/25/2016 10:35:38" />
    <file relUrl="Content/css/plugins/fonts/glyphicons-halflings-regular.html" publishTime="12/24/2015 21:58:04" />
    <file relUrl="Content/fonts/Fonts/bIcY3_3JNqUVRAQQRNVteQ.ttf" publishTime="06/14/2016 16:39:44" />
    <file relUrl="Content/fonts/Fonts/cJZKeOuBrn4kERxqtaUH3aCWcynf_cDxXwCLxiixG1c.ttf" publishTime="06/14/2016 16:24:09" />
    <file relUrl="Content/js/ui/1.10.3/themes/smoothness/images/Thumbs.db" publishTime="12/24/2015 21:58:05" />
    <file relUrl="Content/js/plugins/hisrc/hisrc.js" publishTime="12/24/2015 21:58:04" />
    <file relUrl="Views/Master/PaymentTypeView.cshtml" publishTime="02/24/2018 11:33:08" />
    <file relUrl="Content/js/plugins/messenger/messenger.min.js" publishTime="12/24/2015 21:58:05" />
    <file relUrl="bin/Ionic.Zip.Reduced.dll" publishTime="09/15/2016 18:22:42" />
    <file relUrl="Content/fonts/Fonts/0ihfXUL2emPh0ROJezvraKCWcynf_cDxXwCLxiixG1c.ttf" publishTime="06/14/2016 16:19:35" />
    <file relUrl="Content/fonts/Fonts/anMUvcNT0H1YN4FII8wpr3X8wLqJehFHYvczAG3afGw.ttf" publishTime="06/14/2016 16:49:19" />
    <file relUrl="packages/Microsoft.AspNet.WebPages.2.0.20710.0/lib/net40/System.Web.WebPages.Deployment.dll" publishTime="11/18/2015 16:58:23" />
    <file relUrl="Content/fonts/Fonts/PRmiXeptR36kaC0GEAetxlDMrAYtoOisqqMDW9M_Mqc.ttf" publishTime="06/14/2016 16:36:07" />
    <file relUrl="Views/Registration/EnqFullView.cshtml" publishTime="02/24/2018 11:33:08" />
    <file relUrl="Content/js/plugins/morris/raphael-2.1.0.min.js" publishTime="12/24/2015 21:58:05" />
    <file relUrl="Views/Courier/GenerateCourier.cshtml" publishTime="02/24/2018 11:33:05" />
    <file relUrl="packages/jQuery.UI.Combined.1.8.20.1/Content/Content/themes/base/minified/images/ui-bg_glass_65_ffffff_1x400.png" publishTime="11/18/2015 16:47:51" />
    <file relUrl="Views/Master/Notification.cshtml" publishTime="02/24/2018 11:33:07" />
    <file relUrl="packages/Newtonsoft.Json.4.5.6/lib/sl3-wp/Newtonsoft.Json.dll" publishTime="11/18/2015 16:58:47" />
    <file relUrl="bin/CSharpJExcel.dll.refresh" publishTime="02/25/2016 18:09:13" />
    <file relUrl="Content/themes/base/jquery.ui.core.css" publishTime="07/02/2016 16:31:26" />
    <file relUrl="packages/jQuery.UI.Combined.1.8.20.1/Content/Content/themes/base/images/ui-bg_glass_75_e6e6e6_1x400.png" publishTime="11/18/2015 16:47:51" />
    <file relUrl="packages/DotNetOpenAuth.OAuth.Consumer.4.0.3.12153/lib/net35-full/DotNetOpenAuth.OAuth.Consumer.dll" publishTime="11/18/2015 16:47:37" />
    <file relUrl="Views/Master/ModuleView.cshtml" publishTime="02/24/2018 11:33:07" />
  </publishProfile>
</publishData>